<?xml version="1.0" encoding="UTF-8"?>
<site>
  <description url="http://ttcn.ericsson.se/download/update_site/">        TITAN on Eclipse update site       </description>
  <feature url="features/TITAN_Designer_6.5.0.CRL_113_200_6_R5A_20190114-1055.jar" id="TITAN_Designer" version="6.5.0.CRL_113_200_6_R5A_20190114-1055">
    <category name="TITAN_on_Eclipse"/>
  </feature>
  <feature url="features/TITAN_Executor_6.5.0.CRL_113_200_6_R5A_20190114-1055.jar" id="TITAN_Executor" version="6.5.0.CRL_113_200_6_R5A_20190114-1055">
    <category name="TITAN_on_Eclipse"/>
  </feature>
  <feature url="features/TITAN_Log_Viewer_6.5.0.CRL_113_200_6_R5A_20190114-1055.jar" id="TITAN_Log_Viewer" version="6.5.0.CRL_113_200_6_R5A_20190114-1055">
    <category name="TITAN_on_Eclipse"/>
  </feature>
  <feature url="features/Titanium_6.5.0.CRL_113_200_6_R5A_20190114-1055.jar" id="Titanium" version="6.5.0.CRL_113_200_6_R5A_20190114-1055">
    <category name="TITAN_on_Eclipse"/>
  </feature>
  <feature url="features/Titan_external_dependencies_6.5.0.CRL_113_200_6_R5A_20190114-1055.jar" id="Titan_external_dependencies" version="6.5.0.CRL_113_200_6_R5A_20190114-1055">
    <category name="TITAN_on_Eclipse"/>
  </feature>
  <feature url="features/Titanium_external_dependencies_6.5.0.CRL_113_200_6_R5A_20190114-1055.jar" id="Titanium_external_dependencies" version="6.5.0.CRL_113_200_6_R5A_20190114-1055">
    <category name="TITAN_on_Eclipse"/>
  </feature>
  <category-def name="TITAN_on_Eclipse" label="TITAN_on_Eclipse"/>
</site>
